epoch,learning_rate,loss,val_loss
0,0.0010000000474974513,0.19732306897640228,0.1796460896730423
1,0.0010000000474974513,0.17807640135288239,0.17691493034362793
2,0.0010000000474974513,0.17671166360378265,0.17616452276706696
