epoch,kl_loss,learning_rate,loss,val_kl_loss,val_loss
0,1.0467703342437744,0.0010000000474974513,1.2694640159606934,1.0,1.222615361213684
1,1.0,0.0010000000474974513,1.2228435277938843,1.0,1.222615361213684
2,1.0,0.0010000000474974513,1.2228453159332275,1.0,1.222615361213684
